EmployeeId,Name,WorkLocation,Salary,Age,DOJ,Designation
A1001,A1001Name,HK,10000,30,2/10/2008,Developer
A1002,A1002Name,UK,20000,20,2/10/2098,Developer
A1003,A1003Name,HK,30000,30,2/10/2008,Manager
A1004,A1004Name,IND,10000,32,2/10/2010,Developer
A1005,A1005Name,IND,20000,28,2/2/2008,Manager
A1006,A1006Name,UK,30000,30,2/10/2008,Developer
A1007,A1007Name,IND,40000,40,15/2/2008,Manager
A1008,A1008Name,HK,50000,50,2/10/2017,Manager
A1009,A1009Name,UK,45000,45,2/10/2017,Developer
A1010,A10010Name,UK,50000,50,2/10/2017,Developer